{
  "POLITICS": {
    "ALL": {
      "n": 50,
      "pnl_mean": 2992306.4511745726,
      "pnl_median": 1307866.2681876156,
      "vol_mean": 38671911.86579468,
      "eff_weighted": 0.07737673951985986,
      "eff_mean": 0.2188821989778729,
      "eff_median": 0.20069269953501667,
      "eff_p25": 0.03600685951103428,
      "eff_p75": 0.36926699999995577
    },
    "MONTH": {
      "n": 50,
      "pnl_mean": 109980.0733846701,
      "pnl_median": 67360.92521891408,
      "vol_mean": 3954478.1873543607,
      "eff_weighted": 0.0278115261164835,
      "eff_mean": 0.1560107442262087,
      "eff_median": 0.0778710883556134,
      "eff_p25": 0.02186012586254759,
      "eff_p75": 0.12274071319930557
    },
    "WEEK": {
      "n": 50,
      "pnl_mean": 32883.66139026183,
      "pnl_median": 28446.54934472588,
      "vol_mean": 1266215.72620226,
      "eff_weighted": 0.023212966334855433,
      "eff_mean": 0.3128939583275089,
      "eff_median": 0.05040773524159687,
      "eff_p25": 0.016714534363963425,
      "eff_p75": 0.16056351124046706
    }
  },
  "CRYPTO": {
    "ALL": {
      "n": 50,
      "pnl_mean": 569786.6359276052,
      "pnl_median": 441600.91759905027,
      "vol_mean": 51641499.21884185,
      "eff_weighted": 0.011033502987839547,
      "eff_mean": 0.0337951299650723,
      "eff_median": 0.012063996153783575,
      "eff_p25": 0.007774255475437707,
      "eff_p75": 0.018574376065324482
    },
    "MONTH": {
      "n": 50,
      "pnl_mean": 164074.92213082552,
      "pnl_median": 107896.05641486609,
      "vol_mean": 12483617.862963675,
      "eff_weighted": 0.013143218891504365,
      "eff_mean": 0.12678206841302875,
      "eff_median": 0.03595385134835667,
      "eff_p25": 0.00997711867209637,
      "eff_p75": 0.1834964822842947
    },
    "WEEK": {
      "n": 50,
      "pnl_mean": 62396.21116822035,
      "pnl_median": 40695.1903096349,
      "vol_mean": 4446679.115968925,
      "eff_weighted": 0.01403209216157355,
      "eff_mean": 0.15502939158002454,
      "eff_median": 0.05097691327398776,
      "eff_p25": 0.009904265233443881,
      "eff_p75": 0.4662844817799977
    }
  },
  "SPORTS": {
    "ALL": {
      "n": 50,
      "pnl_mean": 2176371.2142439517,
      "pnl_median": 1568022.020035001,
      "vol_mean": 82672214.6111138,
      "eff_weighted": 0.026325304390132757,
      "eff_mean": 0.07043881396151137,
      "eff_median": 0.03547792693757823,
      "eff_p25": 0.01878609774638543,
      "eff_p75": 0.08844059971214174
    },
    "MONTH": {
      "n": 50,
      "pnl_mean": 753704.3738572821,
      "pnl_median": 460788.80112278496,
      "vol_mean": 13669241.238017254,
      "eff_weighted": 0.05513871331504924,
      "eff_mean": 0.11765796200232352,
      "eff_median": 0.07848466762074797,
      "eff_p25": 0.043920517739995814,
      "eff_p75": 0.15582520131661057
    },
    "WEEK": {
      "n": 50,
      "pnl_mean": 273204.53281957586,
      "pnl_median": 128378.37563378237,
      "vol_mean": 3544655.2242149203,
      "eff_weighted": 0.07707506528511131,
      "eff_mean": 0.1280600042124486,
      "eff_median": 0.10215810943677833,
      "eff_p25": 0.038078988773453976,
      "eff_p75": 0.18359637134989273
    }
  },
  "ECONOMICS": {
    "ALL": {
      "n": 50,
      "pnl_mean": 201867.1503874103,
      "pnl_median": 153647.7558732807,
      "vol_mean": 13491457.094357656,
      "eff_weighted": 0.014962590695398969,
      "eff_mean": 0.04676411831261727,
      "eff_median": 0.024125691657686202,
      "eff_p25": 0.012975363948889816,
      "eff_p75": 0.05484861619820765
    },
    "MONTH": {
      "n": 50,
      "pnl_mean": 32457.79113821036,
      "pnl_median": 21506.319077519955,
      "vol_mean": 2352159.97243186,
      "eff_weighted": 0.013799142710796483,
      "eff_mean": 0.06446108965948893,
      "eff_median": 0.026580513307449656,
      "eff_p25": 0.0102741868183167,
      "eff_p75": 0.06230371974091489
    },
    "WEEK": {
      "n": 50,
      "pnl_mean": 5500.630248145283,
      "pnl_median": 3430.0767617026495,
      "vol_mean": 563766.2664133798,
      "eff_weighted": 0.007468018604020368,
      "eff_mean": 0.18646355152328067,
      "eff_median": 0.023296989649472025,
      "eff_p25": 0.006500042712964819,
      "eff_p75": 0.08970631038348947
    }
  },
  "FINANCE": {
    "ALL": {
      "n": 50,
      "pnl_mean": 99407.65840340345,
      "pnl_median": 69071.17659904783,
      "vol_mean": 1700006.4435427603,
      "eff_weighted": 0.058474871540040156,
      "eff_mean": 0.21144101763902018,
      "eff_median": 0.11341961999961009,
      "eff_p25": 0.043795840951825364,
      "eff_p75": 0.27655364793753073
    },
    "MONTH": {
      "n": 50,
      "pnl_mean": 32658.288858394775,
      "pnl_median": 19817.024793842575,
      "vol_mean": 519624.8137165,
      "eff_weighted": 0.059258448585102666,
      "eff_mean": 0.42916322936176066,
      "eff_median": 0.21896265699781717,
      "eff_p25": 0.05015066228597438,
      "eff_p75": 0.4071721533037751
    },
    "WEEK": {
      "n": 50,
      "pnl_mean": 23992.302695182592,
      "pnl_median": 12658.568778530176,
      "vol_mean": 149277.14170358,
      "eff_weighted": 0.14257296616793402,
      "eff_mean": 0.9019402997543469,
      "eff_median": 0.27023240278703975,
      "eff_p25": 0.08167958601740248,
      "eff_p75": 0.5517980495130961
    }
  },
  "TECH": {
    "ALL": {
      "n": 50,
      "pnl_mean": 73983.33667180206,
      "pnl_median": 36687.23432225303,
      "vol_mean": 2192562.32394558,
      "eff_weighted": 0.03374286599008364,
      "eff_mean": 0.13486281245084833,
      "eff_median": 0.0722021745168119,
      "eff_p25": 0.020014318891682953,
      "eff_p75": 0.2044991095961393
    },
    "MONTH": {
      "n": 50,
      "pnl_mean": 4715.405928613224,
      "pnl_median": 2642.599611017186,
      "vol_mean": 34713.10575436,
      "eff_weighted": 0.12919989640290772,
      "eff_mean": 0.38911050437808065,
      "eff_median": 0.2337997705254768,
      "eff_p25": 0.14671871524167954,
      "eff_p75": 0.3955731766838109
    },
    "WEEK": {
      "n": 50,
      "pnl_mean": 2029.1006696604802,
      "pnl_median": 1033.9582110691886,
      "vol_mean": 9963.46550712,
      "eff_weighted": 0.17860068235409393,
      "eff_mean": 0.5284285375132493,
      "eff_median": 0.32433004722845304,
      "eff_p25": 0.09965543759672948,
      "eff_p75": 0.579205616494701
    }
  },
  "CULTURE": {
    "ALL": {
      "n": 50,
      "pnl_mean": 81550.92160847859,
      "pnl_median": 56674.18500815686,
      "vol_mean": 4233687.94684014,
      "eff_weighted": 0.019262383678831367,
      "eff_mean": 0.059398941892472606,
      "eff_median": 0.029897746257269542,
      "eff_p25": 0.015020976364749241,
      "eff_p75": 0.05962792859003858
    },
    "MONTH": {
      "n": 50,
      "pnl_mean": 8000.876132503689,
      "pnl_median": 4862.760567496918,
      "vol_mean": 204303.62315857998,
      "eff_weighted": 0.03916169477960471,
      "eff_mean": 0.28237063394717044,
      "eff_median": 0.16457102559536377,
      "eff_p25": 0.05399245746629701,
      "eff_p75": 0.3379842834156473
    },
    "WEEK": {
      "n": 50,
      "pnl_mean": 2568.0195624893117,
      "pnl_median": 1643.278082301279,
      "vol_mean": 206704.76825557998,
      "eff_weighted": 0.012423610660563406,
      "eff_mean": 0.35700258034100985,
      "eff_median": 0.09272820005842355,
      "eff_p25": 0.011816832401136233,
      "eff_p75": 0.44135091290730794
    }
  }
}