{
  "POLITICS": {
    "n_traders": 100,
    "pnl_mean": 1551143.2622796213,
    "pnl_median": 678296.7000918237,
    "pnl_p25": 67654.54518979753,
    "pnl_p75": 1326112.9057262125,
    "vol_mean": 21313195.02657452,
    "eff_mean": 0.18744647160204078,
    "eff_median": 0.10102334991190492,
    "eff_weighted": 0.07277854213530945,
    "eff_p25": 0.029967399796879422,
    "eff_p75": 0.29354198019178346
  },
  "CRYPTO": {
    "n_traders": 100,
    "pnl_mean": 366884.4534738837,
    "pnl_median": 332498.2214094377,
    "pnl_p25": 110046.71660396007,
    "pnl_p75": 485895.32891203836,
    "vol_mean": 32048707.983825408,
    "eff_mean": 0.08028724540836127,
    "eff_median": 0.014882009206602674,
    "eff_weighted": 0.011447714324678728,
    "eff_p25": 0.008651630542522099,
    "eff_p75": 0.08008788032948716
  },
  "SPORTS": {
    "n_traders": 98,
    "pnl_mean": 1444841.302300322,
    "pnl_median": 1006265.8761024754,
    "pnl_p25": 453553.39644463046,
    "pnl_p75": 1878493.3354836376,
    "vol_mean": 48889385.62337723,
    "eff_mean": 0.08946779405097989,
    "eff_median": 0.054180636098753725,
    "eff_weighted": 0.029553271817133422,
    "eff_p25": 0.022079998546814996,
    "eff_p75": 0.11937640820506061
  },
  "ECONOMICS": {
    "n_traders": 100,
    "pnl_mean": 117162.47076281034,
    "pnl_median": 94490.34585206522,
    "pnl_p25": 21620.770229203736,
    "pnl_p75": 156749.38995553736,
    "vol_mean": 7921808.533394759,
    "eff_mean": 0.0556126039860531,
    "eff_median": 0.02515315613960776,
    "eff_weighted": 0.014789863989883925,
    "eff_p25": 0.012162959081025259,
    "eff_p75": 0.062001122995602904
  },
  "FINANCE": {
    "n_traders": 98,
    "pnl_mean": 63438.246353620714,
    "pnl_median": 48867.7692111666,
    "pnl_p25": 19206.15947897758,
    "pnl_p75": 74414.75934972969,
    "vol_mean": 1124346.1646325206,
    "eff_mean": 952.4109999003538,
    "eff_median": 0.1360775701854171,
    "eff_weighted": 0.055575535289306366,
    "eff_p25": 0.04871144197567594,
    "eff_p75": 0.35331088440974756
  },
  "TECH": {
    "n_traders": 99,
    "pnl_mean": 39438.1124776789,
    "pnl_median": 24679.236648128026,
    "pnl_p25": 2593.994398331365,
    "pnl_p75": 37084.65239992727,
    "vol_mean": 1124385.3474534343,
    "eff_mean": 116.65270278663532,
    "eff_median": 0.1521564016006811,
    "eff_weighted": 0.03497173848320908,
    "eff_p25": 0.04804140797477842,
    "eff_p75": 0.31917913332658454
  },
  "CULTURE": {
    "n_traders": 100,
    "pnl_mean": 44720.26785595327,
    "pnl_median": 40177.926071428796,
    "pnl_p25": 4916.218017667896,
    "pnl_p75": 57015.579469679375,
    "vol_mean": 2218404.0456189397,
    "eff_mean": 0.17032795517899427,
    "eff_median": 0.05861008541867226,
    "eff_weighted": 0.02015875689745067,
    "eff_p25": 0.02172868191017556,
    "eff_p75": 0.20010109995336636
  }
}